Run,Cost
1,1.196675795471716
2,1.2188653312871458
3,1.2190310438857557
4,1.219334816122103
5,1.2190377595404627
