Run,Cost
1,1.3121348672387345
2,1.3101440536739932
3,1.2840513062838836
4,1.2899341092306125
5,1.400649500645074
