Run,Cost
1,1.1973982013294808
2,1.193889590412175
3,1.1608727469492228
4,1.4309229744033665
5,1.1837679964711731
