Run,Cost
1,2.1608646411576884
2,2.2541150424084284
3,2.252214157625317
4,2.160488549956022
5,2.33907521915986
