Run,Cost
1,1.3836639300946656
2,1.383348979577796
3,1.3848049540769978
4,1.3842130446129186
5,1.4290085208799113
