Run,Cost
1,1.146582862976265
2,1.1167112383814812
3,1.1167311293824673
4,1.1161400251051428
5,1.1182377248275281
