Run,Cost
1,1.1146402110856533
2,1.114120636306715
3,1.118919088201046
4,1.1156042744781018
5,1.0929750860597134
