Run,Cost
1,1.281854118762398
2,1.2817193775856022
3,1.2807027745214465
4,1.3023641196681979
5,1.298011395708752
