Run,Cost
1,2.7454025600192518
2,2.8714944688625317
3,2.911120590210621
4,2.74848591157081
5,2.62469728159741
