Run,Cost
1,2.308802720121167
2,2.408581055963974
3,2.4142370743832196
4,2.2134946727484053
5,2.410316202165037
