Run,Cost
1,1.36470143193
2,1.36618560967
3,1.36470143193
4,1.32017609973
5,1.32908116617
6,1.32017609973
7,1.32388654408
8,1.27936121188
9,1.32388654408
10,1.28010330075
