Run,Cost
1,1.0529525112048437
2,1.099299177113179
3,1.1052680934379564
4,1.0543974029372032
5,1.1007865551276077
