Run,Cost
1,1.1689704
2,1.1681016000000002
3,1.1689704
4,1.1385624
5,1.1681016000000002
