Run,Cost
1,1.4509558838428975
2,1.4508648530206205
3,1.4778063200955391
4,1.4721098275750637
5,1.472892943115616
