Run,Cost
1,1.8834582133061948
2,1.811860792080822
3,1.810385567670145
4,1.819742833651951
5,1.9617389925489628
