Run,Cost
1,1.0938730571294533
2,1.096546729736676
3,1.157805361192253
4,1.0984223044936774
5,1.0965829921580024
