Run,Cost
1,1.2297483652777441
2,1.3548544392801682
3,1.2294914310990828
4,1.1995738163680674
5,1.2610488647039189
