Run,Cost
1,1.0985838373337746
2,1.1002146366041183
3,1.0993836930933953
4,1.099274677422905
5,1.0992600403427124
