Run,Cost
1,1.5849969778828914
2,1.6412425712618
3,1.5812209068026961
4,1.6375050625245833
5,1.638274196831386
