Run,Cost
1,1.1188251269893497
2,1.08426848879347
3,1.0899047421016514
4,1.0870252714230815
5,1.0863309464271553
