Run,Cost
1,1.6177303972356083
2,1.6993622517025402
3,1.5729247455543842
4,1.647087251970518
5,1.554804790136562
