Run,Cost
1,1.4397607969052744
2,1.4722797810948192
3,1.4899550066987843
4,1.4944008212526545
5,1.4687659723257631
